time,buy,sell
2017-06-26 08:18:03,88347,81096
2017-06-26 08:18:05,88347,81096
2017-06-26 08:18:07,88347,81096
2017-06-26 08:18:09,88347,81096
2017-06-26 08:18:11,88347,81096
2017-06-26 08:18:13,88347,81096
2017-06-26 08:18:15,88347,81096
2017-06-26 08:18:17,88347,81096
2017-06-26 08:18:20,88347,81096
2017-06-26 08:18:34,88316,81280
2017-06-26 08:18:36,88316,81280
2017-06-26 08:18:38,88316,81280
2017-06-26 08:18:40,88316,81280
2017-06-26 08:18:42,88316,81280
2017-06-26 08:18:44,88316,81280
2017-06-26 08:18:46,88316,81280
2017-06-26 08:18:48,88316,81280
2017-06-26 08:18:50,88316,81280
2017-06-26 08:18:52,88316,81280
2017-06-26 08:18:54,88316,81280
2017-06-26 08:18:56,88316,81280
2017-06-26 08:18:58,88316,81280
2017-06-26 08:19:00,88316,81280
2017-06-26 08:19:02,88316,81280
2017-06-26 08:19:04,88316,81280
2017-06-26 08:19:06,88316,81280
2017-06-26 08:19:08,88316,81280
2017-06-26 08:19:11,88316,81280
2017-06-26 08:19:13,88316,81280
2017-06-26 08:19:15,88316,81280
2017-06-26 08:19:17,88316,81280
2017-06-26 08:19:19,88316,81280
2017-06-26 08:19:21,88316,81280
2017-06-26 08:19:23,88347,81073
2017-06-26 08:19:25,88347,81073
2017-06-26 08:19:27,88347,81073
2017-06-26 08:19:29,88347,81073
2017-06-26 08:19:31,88347,81073
2017-06-26 08:19:33,88347,81073
2017-06-26 08:19:35,88347,81073
2017-06-26 08:19:37,88347,81073
2017-06-26 08:19:39,88347,81073
2017-06-26 08:19:41,88347,81073
2017-06-26 08:19:43,88347,81073
2017-06-26 08:19:46,88347,81073
2017-06-26 08:19:48,88347,81073
2017-06-26 08:19:50,88347,81073
2017-06-26 08:19:52,88347,81073
2017-06-26 08:19:54,88347,81073
2017-06-26 08:19:56,88347,81073
2017-06-26 08:19:58,88347,81073
2017-06-26 08:20:00,88347,81073
2017-06-26 08:20:02,88347,81073
2017-06-26 08:20:04,88347,81073
2017-06-26 08:20:06,88347,81073
2017-06-26 08:20:08,88347,81073
2017-06-26 08:20:10,88347,81073
2017-06-26 08:20:12,88347,81073
2017-06-26 08:20:14,88347,81073
2017-06-26 08:20:16,88347,81073
2017-06-26 08:20:19,88347,81073
2017-06-26 08:20:21,88347,81073
2017-06-26 08:20:23,88347,81198
2017-06-26 08:20:25,88347,81198
2017-06-26 08:20:27,88347,81198
2017-06-26 08:20:29,88347,81198
2017-06-26 08:20:31,88347,81198
2017-06-26 08:20:33,88347,81198
2017-06-26 08:20:35,88347,81198
2017-06-26 08:20:37,88347,81198
2017-06-26 08:20:39,88347,81198
2017-06-26 08:20:41,88347,81198
2017-06-26 08:20:43,88347,81198
2017-06-26 08:20:45,88347,81198
2017-06-26 08:20:47,88347,81198
2017-06-26 08:20:49,88347,81198
2017-06-26 08:20:51,88347,81198
2017-06-26 08:20:54,88347,81198
2017-06-26 08:20:56,88347,81198
2017-06-26 08:20:58,88347,81198
2017-06-26 08:21:00,88347,81198
2017-06-26 08:21:02,88347,81198
2017-06-26 08:21:04,88347,81198
2017-06-26 08:21:06,88347,81198
2017-06-26 08:21:08,88347,81198
2017-06-26 08:21:10,88347,81198
2017-06-26 08:21:12,88347,81198
2017-06-26 08:21:14,88347,81198
2017-06-26 08:21:16,88347,81198
2017-06-26 08:21:18,88347,81198
2017-06-26 08:21:20,88347,81198
2017-06-26 08:21:22,88149,81073
2017-06-26 08:21:24,88149,81073
2017-06-26 08:21:26,88149,81073
2017-06-26 08:21:28,88149,81073
2017-06-26 08:21:31,88149,81073
2017-06-26 08:21:33,88149,81073
2017-06-26 08:21:35,88149,81073
2017-06-26 08:21:37,88149,81073
2017-06-26 08:21:39,88149,81073
2017-06-26 08:21:41,88149,81073
2017-06-26 08:21:43,88149,81073
2017-06-26 08:21:45,88149,81073
2017-06-26 08:21:47,88149,81073
2017-06-26 08:21:49,88149,81073
2017-06-26 08:21:51,88149,81073
2017-06-26 08:21:53,88149,81073
2017-06-26 08:21:55,88149,81073
2017-06-26 08:21:57,88149,81073
2017-06-26 08:21:59,88149,81073
2017-06-26 08:22:01,88149,81073
2017-06-26 08:22:03,88149,81073
2017-06-26 08:22:06,88149,81073
2017-06-26 08:22:08,88149,81073
2017-06-26 08:22:10,88149,81073
2017-06-26 08:22:12,88149,81073
2017-06-26 08:22:14,88149,81073
2017-06-26 08:22:16,88149,81073
2017-06-26 08:22:18,88149,81073
2017-06-26 08:22:20,88149,81073
2017-06-26 08:22:22,88149,81073
2017-06-26 08:22:24,88194,80876
2017-06-26 08:22:26,88194,80876
2017-06-26 08:22:28,88194,80876
2017-06-26 08:22:30,88194,80876
2017-06-26 08:22:32,88194,80876
2017-06-26 08:22:34,88194,80876
2017-06-26 08:22:36,88194,80876
2017-06-26 08:22:38,88194,80876
2017-06-26 08:22:40,88194,80876
2017-06-26 08:22:42,88194,80876
2017-06-26 08:22:44,88194,80876
2017-06-26 08:22:47,88194,80876
2017-06-26 08:22:49,88194,80876
2017-06-26 08:22:51,88194,80876
2017-06-26 08:22:53,88194,80876
2017-06-26 08:22:55,88194,80876
2017-06-26 08:22:57,88194,80876
2017-06-26 08:22:59,88194,80876
2017-06-26 08:23:01,88194,80876
2017-06-26 08:23:03,88194,80876
2017-06-26 08:23:05,88194,80876
2017-06-26 08:23:07,88194,80876
2017-06-26 08:23:09,88194,80876
2017-06-26 08:23:11,88194,80876
2017-06-26 08:23:13,88194,80876
2017-06-26 08:23:15,88194,80876
2017-06-26 08:23:17,88194,80876
2017-06-26 08:23:19,88194,80876
2017-06-26 08:23:22,88165,80866
2017-06-26 08:23:24,88165,80866
2017-06-26 08:23:26,88165,80866
2017-06-26 08:23:28,88165,80866
2017-06-26 08:23:30,88165,80866
2017-06-26 08:23:32,88165,80866
2017-06-26 08:23:34,88165,80866
2017-06-26 08:23:36,88165,80866
2017-06-26 08:23:38,88165,80866
2017-06-26 08:23:40,88165,80866
2017-06-26 08:23:42,88165,80866
2017-06-26 08:23:44,88165,80866
2017-06-26 08:23:46,88165,80866
2017-06-26 08:23:48,88165,80866
2017-06-26 08:23:50,88165,80866
2017-06-26 08:23:52,88165,80866
2017-06-26 08:23:54,88165,80866
2017-06-26 08:23:56,88165,80866
2017-06-26 08:23:58,88165,80866
2017-06-26 08:24:01,88165,80866
2017-06-26 08:24:03,88165,80866
2017-06-26 08:24:05,88165,80866
2017-06-26 08:24:07,88165,80866
2017-06-26 08:24:09,88165,80866
2017-06-26 08:24:11,88165,80866
2017-06-26 08:24:13,88165,80866
2017-06-26 08:24:15,88165,80866
2017-06-26 08:24:17,88165,80866
2017-06-26 08:24:19,88165,80866
2017-06-26 08:24:21,88165,80866
2017-06-26 08:24:23,88041,80469
2017-06-26 08:24:25,88041,80469
2017-06-26 08:24:27,88041,80469
2017-06-26 08:24:29,88041,80469
2017-06-26 08:24:31,88041,80469
2017-06-26 08:24:33,88041,80469
2017-06-26 08:24:36,88041,80469
2017-06-26 08:24:38,88041,80469
2017-06-26 08:24:40,88041,80469
2017-06-26 08:24:42,88041,80469
2017-06-26 08:24:44,88041,80469
2017-06-26 08:24:46,88041,80469
2017-06-26 08:24:48,88041,80469
2017-06-26 08:24:50,88041,80469
2017-06-26 08:24:52,88041,80469
2017-06-26 08:24:54,88041,80469
2017-06-26 08:24:56,88041,80469
2017-06-26 08:24:58,88041,80469
2017-06-26 08:25:00,88041,80469
2017-06-26 08:25:03,88041,80469
2017-06-26 08:25:05,88041,80469
2017-06-26 08:25:07,88041,80469
2017-06-26 08:25:09,88041,80469
2017-06-26 08:25:11,88041,80469
2017-06-26 08:25:13,88041,80469
2017-06-26 08:25:15,88041,80469
2017-06-26 08:25:17,88041,80469
2017-06-26 08:25:19,88041,80469
2017-06-26 08:25:21,88041,80469
2017-06-26 08:25:23,88165,80865
2017-06-26 08:25:25,88165,80865
2017-06-26 08:25:27,88165,80865
2017-06-26 08:25:29,88165,80865
2017-06-26 08:25:31,88165,80865
2017-06-26 08:25:33,88165,80865
2017-06-26 08:25:35,88165,80865
2017-06-26 08:25:38,88165,80865
2017-06-26 08:25:40,88165,80865
2017-06-26 08:25:42,88165,80865
2017-06-26 08:25:44,88165,80865
2017-06-26 08:25:46,88165,80865
2017-06-26 08:25:48,88165,80865
2017-06-26 08:25:50,88165,80865
2017-06-26 08:25:52,88165,80865
2017-06-26 08:25:54,88165,80865
2017-06-26 08:25:56,88165,80865
2017-06-26 08:25:58,88165,80865
2017-06-26 08:26:00,88165,80865
2017-06-26 08:26:02,88165,80865
2017-06-26 08:26:05,88165,80865
2017-06-26 08:26:07,88165,80865
2017-06-26 08:26:09,88165,80865
2017-06-26 08:26:11,88165,80865
2017-06-26 08:26:13,88165,80865
2017-06-26 08:26:15,88165,80865
2017-06-26 08:26:17,88165,80865
2017-06-26 08:26:19,88165,80865
2017-06-26 08:26:21,88165,80865
2017-06-26 08:26:23,88225,80451
2017-06-26 08:26:25,88225,80451
2017-06-26 08:26:27,88225,80451
2017-06-26 08:26:29,88225,80451
2017-06-26 08:26:31,88225,80451
2017-06-26 08:26:33,88225,80451
2017-06-26 08:26:35,88225,80451
2017-06-26 08:26:37,88225,80451
2017-06-26 08:26:40,88225,80451
2017-06-26 08:26:42,88225,80451
2017-06-26 08:26:44,88225,80451
2017-06-26 08:26:46,88225,80451
2017-06-26 08:26:48,88225,80451
2017-06-26 08:26:50,88225,80451
2017-06-26 08:26:52,88225,80451
2017-06-26 08:26:54,88225,80451
2017-06-26 08:26:56,88225,80451
2017-06-26 08:26:58,88225,80451
2017-06-26 08:27:00,88225,80451
2017-06-26 08:27:02,88225,80451
2017-06-26 08:27:04,88225,80451
2017-06-26 08:27:06,88225,80451
2017-06-26 08:27:08,88225,80451
2017-06-26 08:27:10,88225,80451
2017-06-26 08:27:12,88225,80451
2017-06-26 08:27:15,88225,80451
2017-06-26 08:27:17,88225,80451
2017-06-26 08:27:19,88225,80451
2017-06-26 08:27:21,88225,80451
2017-06-26 08:27:23,87888,80866
2017-06-26 08:27:25,87888,80866
2017-06-26 08:27:27,87888,80866
2017-06-26 08:27:29,87888,80866
2017-06-26 08:27:31,87888,80866
2017-06-26 08:27:33,87888,80866
2017-06-26 08:27:35,87888,80866
2017-06-26 08:27:37,87888,80866
2017-06-26 08:27:39,87888,80866
2017-06-26 08:27:41,87888,80866
2017-06-26 08:27:43,87888,80866
2017-06-26 08:27:46,87888,80866
2017-06-26 08:27:48,87888,80866
2017-06-26 08:27:50,87888,80866
2017-06-26 08:27:52,87888,80866
2017-06-26 08:27:54,87888,80866
2017-06-26 08:27:56,87888,80866
2017-06-26 08:27:58,87888,80866
2017-06-26 08:28:00,87888,80866
2017-06-26 08:28:02,87888,80866
2017-06-26 08:28:04,87888,80866
2017-06-26 08:28:06,87888,80866
2017-06-26 08:28:08,87888,80866
2017-06-26 08:28:10,87888,80866
2017-06-26 08:28:12,87888,80866
2017-06-26 08:28:14,87888,80866
2017-06-26 08:28:16,87888,80866
2017-06-26 08:28:18,87888,80866
2017-06-26 08:28:20,87888,80866
2017-06-26 08:28:22,87680,80658
2017-06-26 08:28:25,87680,80658
2017-06-26 08:28:27,87680,80658
2017-06-26 08:28:29,87680,80658
2017-06-26 08:28:31,87680,80658
2017-06-26 08:28:33,87680,80658
2017-06-26 08:28:35,87680,80658
2017-06-26 08:28:37,87680,80658
2017-06-26 08:28:39,87680,80658
2017-06-26 08:28:41,87680,80658
2017-06-26 08:28:43,87680,80658
2017-06-26 08:28:45,87680,80658
2017-06-26 08:28:47,87680,80658
2017-06-26 08:28:49,87680,80658
2017-06-26 08:28:51,87680,80658
2017-06-26 08:28:53,87680,80658
2017-06-26 08:28:55,87680,80658
2017-06-26 08:28:57,87680,80658
2017-06-26 08:29:00,87680,80658
2017-06-26 08:29:02,87680,80658
2017-06-26 08:29:04,87680,80658
2017-06-26 08:29:06,87680,80658
2017-06-26 08:29:08,87680,80658
2017-06-26 08:29:10,87680,80658
2017-06-26 08:29:12,87680,80658
2017-06-26 08:29:14,87680,80658
2017-06-26 08:29:16,87680,80658
2017-06-26 08:29:18,87680,80658
2017-06-26 08:29:20,87680,80658
2017-06-26 08:29:22,87943,80865
2017-06-26 08:29:24,87943,80865
2017-06-26 08:29:26,87943,80865
2017-06-26 08:29:28,87943,80865
2017-06-26 08:29:30,87943,80865
2017-06-26 08:29:33,87943,80865
2017-06-26 08:29:35,87943,80865
2017-06-26 08:29:37,87943,80865
2017-06-26 08:29:39,87943,80865
2017-06-26 08:29:41,87943,80865
2017-06-26 08:29:43,87943,80865
2017-06-26 08:29:45,87943,80865
2017-06-26 08:29:47,87943,80865
2017-06-26 08:29:49,87943,80865
2017-06-26 08:29:51,87943,80865
2017-06-26 08:29:53,87943,80865
2017-06-26 08:29:55,87943,80865
2017-06-26 08:29:57,87943,80865
2017-06-26 08:29:59,87943,80865
2017-06-26 08:30:01,87943,80865
2017-06-26 08:30:03,87943,80865
2017-06-26 08:30:06,87943,80865
2017-06-26 08:30:08,87943,80865
2017-06-26 08:30:10,87943,80865
2017-06-26 08:30:12,87943,80865
2017-06-26 08:30:14,87943,80865
2017-06-26 08:30:16,87943,80865
2017-06-26 08:30:18,87943,80865
2017-06-26 08:30:20,87943,80865
2017-06-26 08:30:22,87943,80838
2017-06-26 08:30:24,87943,80838
2017-06-26 08:30:26,87943,80838
2017-06-26 08:30:28,87943,80838
2017-06-26 08:30:30,87943,80838
2017-06-26 08:30:32,87943,80838
2017-06-26 08:30:34,87943,80838
2017-06-26 08:30:36,87943,80838
2017-06-26 08:30:38,87943,80838
2017-06-26 08:30:41,87943,80838
2017-06-26 08:30:43,87943,80838
2017-06-26 08:30:45,87943,80838
2017-06-26 08:30:47,87943,80838
2017-06-26 08:30:49,87943,80838
2017-06-26 08:30:51,87943,80838
2017-06-26 08:30:53,87943,80838
2017-06-26 08:30:55,87943,80838
2017-06-26 08:30:57,87943,80838
2017-06-26 08:30:59,87943,80838
2017-06-26 08:31:01,87943,80838
2017-06-26 08:31:03,87943,80838
2017-06-26 08:31:05,87943,80838
2017-06-26 08:31:07,87943,80838
2017-06-26 08:31:09,87943,80838
2017-06-26 08:31:11,87943,80838
2017-06-26 08:31:13,87943,80838
2017-06-26 08:31:15,87943,80838
2017-06-26 08:31:18,87943,80838
2017-06-26 08:31:20,87943,80838
2017-06-26 08:31:22,87722,80658
2017-06-26 08:31:24,87722,80658
2017-06-26 08:31:26,87722,80658
2017-06-26 08:31:28,87722,80658
2017-06-26 08:31:30,87722,80658
2017-06-26 08:31:32,87722,80658
2017-06-26 08:31:34,87722,80658
2017-06-26 08:31:36,87722,80658
2017-06-26 08:31:38,87722,80658
2017-06-26 08:31:40,87722,80658
2017-06-26 08:31:42,87722,80658
2017-06-26 08:31:44,87722,80658
2017-06-26 08:31:46,87722,80658
2017-06-26 08:31:48,87722,80658
2017-06-26 08:31:50,87722,80658
2017-06-26 08:31:53,87722,80658
2017-06-26 08:31:55,87722,80658
2017-06-26 08:31:57,87722,80658
2017-06-26 08:31:59,87722,80658
2017-06-26 08:32:01,87722,80658
2017-06-26 08:32:03,87722,80658
2017-06-26 08:32:05,87722,80658
2017-06-26 08:32:07,87722,80658
2017-06-26 08:32:09,87722,80658
2017-06-26 08:32:11,87722,80658
2017-06-26 08:32:13,87722,80658
2017-06-26 08:32:15,87722,80658
2017-06-26 08:32:17,87722,80658
2017-06-26 08:32:19,87722,80658
2017-06-26 08:32:21,87722,80658
2017-06-26 08:32:23,87722,80451
2017-06-26 08:32:25,87722,80451
2017-06-26 08:32:27,87722,80451
2017-06-26 08:32:30,87722,80451
2017-06-26 08:32:32,87722,80451
2017-06-26 08:32:34,87722,80451
2017-06-26 08:32:36,87722,80451
2017-06-26 08:32:38,87722,80451
2017-06-26 08:32:40,87722,80451
2017-06-26 08:32:42,87722,80451
2017-06-26 08:32:44,87722,80451
2017-06-26 08:32:46,87722,80451
2017-06-26 08:32:48,87722,80451
2017-06-26 08:32:50,87722,80451
2017-06-26 08:32:52,87722,80451
2017-06-26 08:32:54,87722,80451
2017-06-26 08:32:56,87722,80451
2017-06-26 08:32:58,87722,80451
2017-06-26 08:33:00,87722,80451
2017-06-26 08:33:02,87722,80451
2017-06-26 08:33:04,87722,80451
2017-06-26 08:33:07,87722,80451
2017-06-26 08:33:09,87722,80451
2017-06-26 08:33:11,87722,80451
2017-06-26 08:33:13,87722,80451
2017-06-26 08:33:15,87722,80451
2017-06-26 08:33:17,87722,80451
2017-06-26 08:33:19,87722,80451
2017-06-26 08:33:21,87722,80451
2017-06-26 08:33:23,87828,80177
2017-06-26 08:33:25,87828,80177
2017-06-26 08:33:27,87828,80177
2017-06-26 08:33:29,87828,80177
2017-06-26 08:33:31,87828,80177
2017-06-26 08:33:33,87828,80177
2017-06-26 08:33:35,87828,80177
2017-06-26 08:33:37,87828,80177
2017-06-26 08:33:39,87828,80177
2017-06-26 08:33:41,87828,80177
2017-06-26 08:33:44,87828,80177
2017-06-26 08:33:46,87828,80177
2017-06-26 08:33:48,87828,80177
2017-06-26 08:33:50,87828,80177
2017-06-26 08:33:52,87828,80177
2017-06-26 08:33:54,87828,80177
2017-06-26 08:33:56,87828,80177
2017-06-26 08:33:58,87828,80177
2017-06-26 08:34:00,87828,80177
2017-06-26 08:34:02,87828,80177
2017-06-26 08:34:04,87828,80177
2017-06-26 08:34:06,87828,80177
2017-06-26 08:34:08,87828,80177
2017-06-26 08:34:10,87828,80177
2017-06-26 08:34:12,87828,80177
2017-06-26 08:34:14,87828,80177
2017-06-26 08:34:16,87828,80177
2017-06-26 08:34:19,87828,80177
2017-06-26 08:34:21,87828,80177
2017-06-26 08:34:23,87643,80176
2017-06-26 08:34:25,87643,80176
2017-06-26 08:34:27,87643,80176
2017-06-26 08:34:29,87643,80176
2017-06-26 08:34:31,87643,80176
2017-06-26 08:34:33,87643,80176
2017-06-26 08:34:35,87643,80176
2017-06-26 08:34:37,87643,80176
2017-06-26 08:34:39,87643,80176
2017-06-26 08:34:41,87643,80176
2017-06-26 08:34:43,87643,80176
2017-06-26 08:34:45,87643,80176
2017-06-26 08:34:47,87643,80176
2017-06-26 08:34:49,87643,80176
2017-06-26 08:34:51,87643,80176
2017-06-26 08:34:53,87643,80176
2017-06-26 08:34:56,87643,80176
2017-06-26 08:34:58,87643,80176
2017-06-26 08:35:00,87643,80176
2017-06-26 08:35:02,87643,80176
2017-06-26 08:35:04,87643,80176
2017-06-26 08:35:06,87643,80176
2017-06-26 08:35:08,87643,80176
2017-06-26 08:35:10,87643,80176
2017-06-26 08:35:13,87643,80176
2017-06-26 08:35:15,87643,80176
2017-06-26 08:35:17,87643,80176
2017-06-26 08:35:19,87643,80176
2017-06-26 08:35:21,87643,80176
2017-06-26 08:35:23,87643,80036
2017-06-26 08:35:25,87643,80036
2017-06-26 08:35:27,87643,80036
2017-06-26 08:35:29,87643,80036
2017-06-26 08:35:31,87643,80036
2017-06-26 08:35:33,87643,80036
2017-06-26 08:35:35,87643,80036
2017-06-26 08:35:37,87643,80036
2017-06-26 08:35:39,87643,80036
2017-06-26 08:35:41,87643,80036
2017-06-26 08:35:44,87643,80036
2017-06-26 08:35:46,87643,80036
2017-06-26 08:35:48,87643,80036
2017-06-26 08:35:50,87643,80036
2017-06-26 08:35:52,87643,80036
2017-06-26 08:35:54,87643,80036
2017-06-26 08:35:56,87643,80036
2017-06-26 08:35:58,87643,80036
2017-06-26 08:36:00,87643,80036
2017-06-26 08:36:02,87643,80036
2017-06-26 08:36:04,87643,80036
2017-06-26 08:36:06,87643,80036
2017-06-26 08:36:08,87643,80036
2017-06-26 08:36:10,87643,80036
2017-06-26 08:36:12,87643,80036
2017-06-26 08:36:14,87643,80036
2017-06-26 08:36:16,87643,80036
2017-06-26 08:36:19,87643,80036
2017-06-26 08:36:21,87643,80036
2017-06-26 08:36:23,87191,79779
2017-06-26 08:36:25,87191,79779
2017-06-26 08:36:27,87191,79779
2017-06-26 08:36:29,87191,79779
2017-06-26 08:36:31,87191,79779
2017-06-26 08:36:33,87191,79779
2017-06-26 08:36:35,87191,79779
2017-06-26 08:36:37,87191,79779
2017-06-26 08:36:39,87191,79779
2017-06-26 08:36:41,87191,79779
2017-06-26 08:36:43,87191,79779
2017-06-26 08:36:45,87191,79779
2017-06-26 08:36:47,87191,79779
2017-06-26 08:36:49,87191,79779
2017-06-26 08:36:51,87191,79779
2017-06-26 08:36:53,87191,79779
2017-06-26 08:36:55,87191,79779
2017-06-26 08:36:58,87191,79779
2017-06-26 08:37:00,87191,79779
2017-06-26 08:37:02,87191,79779
2017-06-26 08:37:04,87191,79779
2017-06-26 08:37:06,87191,79779
2017-06-26 08:37:08,87191,79779
2017-06-26 08:37:10,87191,79779
2017-06-26 08:37:12,87191,79779
2017-06-26 08:37:14,87191,79779
2017-06-26 08:37:16,87191,79779
2017-06-26 08:37:18,87191,79779
2017-06-26 08:37:20,87191,79779
2017-06-26 08:37:22,88041,80119
2017-06-26 08:37:24,88041,80119
2017-06-26 08:37:26,88041,80119
2017-06-26 08:37:28,88041,80119
2017-06-26 08:37:30,88041,80119
2017-06-26 08:37:33,88041,80119
2017-06-26 08:37:35,88041,80119
2017-06-26 08:37:37,88041,80119
2017-06-26 08:37:39,88041,80119
2017-06-26 08:37:41,88041,80119
2017-06-26 08:37:43,88041,80119
2017-06-26 08:37:45,88041,80119
2017-06-26 08:37:47,88041,80119
2017-06-26 08:37:49,88041,80119
2017-06-26 08:37:51,88041,80119
2017-06-26 08:37:53,88041,80119
2017-06-26 08:37:55,88041,80119
2017-06-26 08:37:57,88041,80119
2017-06-26 08:37:59,88041,80119
2017-06-26 08:38:01,88041,80119
2017-06-26 08:38:03,88041,80119
2017-06-26 08:38:05,88041,80119
2017-06-26 08:38:07,88041,80119
2017-06-26 08:38:10,88041,80119
2017-06-26 08:38:12,88041,80119
2017-06-26 08:38:14,88041,80119
2017-06-26 08:38:16,88041,80119
2017-06-26 08:38:18,88041,80119
2017-06-26 08:38:20,88041,80119
2017-06-26 08:38:22,87913,80210
2017-06-26 08:38:24,87913,80210
2017-06-26 08:38:26,87913,80210
2017-06-26 08:38:28,87913,80210
2017-06-26 08:38:30,87913,80210
2017-06-26 08:38:32,87913,80210
2017-06-26 08:38:34,87913,80210
2017-06-26 08:38:36,87913,80210
2017-06-26 08:38:38,87913,80210
2017-06-26 08:38:40,87913,80210
2017-06-26 08:38:42,87913,80210
2017-06-26 08:38:45,87913,80210
2017-06-26 08:38:47,87913,80210
2017-06-26 08:38:49,87913,80210
2017-06-26 08:38:51,87913,80210
2017-06-26 08:38:53,87913,80210
2017-06-26 08:38:55,87913,80210
2017-06-26 08:38:57,87913,80210
2017-06-26 08:38:59,87913,80210
2017-06-26 08:39:01,87913,80210
2017-06-26 08:39:03,87913,80210
2017-06-26 08:39:05,87913,80210
2017-06-26 08:39:07,87913,80210
2017-06-26 08:39:09,87913,80210
2017-06-26 08:39:11,87913,80210
2017-06-26 08:39:13,87913,80210
2017-06-26 08:39:15,87913,80210
2017-06-26 08:39:17,87913,80210
2017-06-26 08:39:19,87913,80210
2017-06-26 08:39:22,88044,80119
2017-06-26 08:39:24,88044,80119
2017-06-26 08:39:26,88044,80119
2017-06-26 08:39:28,88044,80119
2017-06-26 08:39:30,88044,80119
2017-06-26 08:39:32,88044,80119
2017-06-26 08:39:34,88044,80119
2017-06-26 08:39:36,88044,80119
2017-06-26 08:39:38,88044,80119
2017-06-26 08:39:40,88044,80119
2017-06-26 08:39:42,88044,80119
2017-06-26 08:39:44,88044,80119
2017-06-26 08:39:46,88044,80119
2017-06-26 08:39:48,88044,80119
2017-06-26 08:39:50,88044,80119
2017-06-26 08:39:52,88044,80119
2017-06-26 08:39:54,88044,80119
2017-06-26 08:39:56,88044,80119
2017-06-26 08:39:58,88044,80119
2017-06-26 08:40:01,88044,80119
2017-06-26 08:40:03,88044,80119
2017-06-26 08:40:05,88044,80119
2017-06-26 08:40:07,88044,80119
2017-06-26 08:40:09,88044,80119
2017-06-26 08:40:11,88044,80119
2017-06-26 08:40:13,88044,80119
2017-06-26 08:40:15,88044,80119
2017-06-26 08:40:17,88044,80119
2017-06-26 08:40:19,88044,80119
2017-06-26 08:40:21,88044,80119
2017-06-26 08:40:23,87731,80119
2017-06-26 08:40:25,87731,80119
2017-06-26 08:40:27,87731,80119
2017-06-26 08:40:29,87731,80119
2017-06-26 08:40:31,87731,80119
2017-06-26 08:40:34,87731,80119
2017-06-26 08:40:36,87731,80119
2017-06-26 08:40:38,87731,80119
2017-06-26 08:40:40,87731,80119
2017-06-26 08:40:42,87731,80119
2017-06-26 08:40:44,87731,80119
2017-06-26 08:40:46,87731,80119
2017-06-26 08:40:48,87731,80119
2017-06-26 08:40:50,87731,80119
2017-06-26 08:40:52,87731,80119
2017-06-26 08:40:54,87731,80119
2017-06-26 08:40:56,87731,80119
2017-06-26 08:40:58,87731,80119
2017-06-26 08:41:00,87731,80119
2017-06-26 08:41:02,87731,80119
2017-06-26 08:41:04,87731,80119
2017-06-26 08:41:06,87731,80119
2017-06-26 08:41:08,87731,80119
2017-06-26 08:41:11,87731,80119
2017-06-26 08:41:13,87731,80119
2017-06-26 08:41:15,87731,80119
2017-06-26 08:41:17,87731,80119
2017-06-26 08:41:19,87731,80119
2017-06-26 08:41:21,87731,80119
2017-06-26 08:41:23,87814,80119
2017-06-26 08:41:25,87814,80119
2017-06-26 08:41:27,87814,80119
2017-06-26 08:41:29,87814,80119
2017-06-26 08:41:31,87814,80119
2017-06-26 08:41:33,87814,80119
2017-06-26 08:41:35,87814,80119
2017-06-26 08:41:37,87814,80119
2017-06-26 08:41:39,87814,80119
2017-06-26 08:41:41,87814,80119
2017-06-26 08:41:44,87814,80119
2017-06-26 08:41:46,87814,80119
2017-06-26 08:41:48,87814,80119
2017-06-26 08:41:50,87814,80119
2017-06-26 08:41:52,87814,80119
2017-06-26 08:41:54,87814,80119
2017-06-26 08:41:56,87814,80119
2017-06-26 08:41:58,87814,80119
2017-06-26 08:42:00,87814,80119
2017-06-26 08:42:02,87814,80119
2017-06-26 08:42:04,87814,80119
2017-06-26 08:42:07,87814,80119
2017-06-26 08:42:09,87814,80119
2017-06-26 08:42:11,87814,80119
2017-06-26 08:42:13,87814,80119
2017-06-26 08:42:15,87814,80119
2017-06-26 08:42:17,87814,80119
2017-06-26 08:42:19,87814,80119
2017-06-26 08:42:21,87814,80119
2017-06-26 08:42:23,87494,80367
2017-06-26 08:42:25,87494,80367
2017-06-26 08:42:27,87494,80367
2017-06-26 08:42:29,87494,80367
2017-06-26 08:42:31,87494,80367
2017-06-26 08:42:33,87494,80367
2017-06-26 08:42:35,87494,80367
2017-06-26 08:42:37,87494,80367
2017-06-26 08:42:39,87494,80367
2017-06-26 08:42:41,87494,80367
2017-06-26 08:42:44,87494,80367
2017-06-26 08:42:46,87494,80367
2017-06-26 08:42:48,87494,80367
2017-06-26 08:42:50,87494,80367
2017-06-26 08:42:52,87494,80367
2017-06-26 08:42:54,87494,80367
2017-06-26 08:42:56,87494,80367
2017-06-26 08:42:58,87494,80367
2017-06-26 08:43:00,87494,80367
2017-06-26 08:43:02,87494,80367
2017-06-26 08:43:04,87494,80367
2017-06-26 08:43:06,87494,80367
2017-06-26 08:43:08,87494,80367
2017-06-26 08:43:10,87494,80367
2017-06-26 08:43:12,87494,80367
2017-06-26 08:43:14,87494,80367
2017-06-26 08:43:16,87494,80367
2017-06-26 08:43:19,87494,80367
2017-06-26 08:43:21,87494,80367
2017-06-26 08:43:23,87747,80243
2017-06-26 08:43:25,87747,80243
2017-06-26 08:43:27,87747,80243
2017-06-26 08:43:29,87747,80243
2017-06-26 08:43:31,87747,80243
2017-06-26 08:43:33,87747,80243
2017-06-26 08:43:35,87747,80243
2017-06-26 08:43:37,87747,80243
2017-06-26 08:43:39,87747,80243
2017-06-26 08:43:41,87747,80243
2017-06-26 08:43:43,87747,80243
2017-06-26 08:43:45,87747,80243
2017-06-26 08:43:47,87747,80243
2017-06-26 08:43:49,87747,80243
2017-06-26 08:43:51,87747,80243
2017-06-26 08:43:54,87747,80243
2017-06-26 08:43:56,87747,80243
2017-06-26 08:43:58,87747,80243
2017-06-26 08:44:00,87747,80243
2017-06-26 08:44:02,87747,80243
2017-06-26 08:44:04,87747,80243
2017-06-26 08:44:06,87747,80243
2017-06-26 08:44:08,87747,80243
2017-06-26 08:44:10,87747,80243
2017-06-26 08:44:12,87747,80243
2017-06-26 08:44:14,87747,80243
2017-06-26 08:44:16,87747,80243
2017-06-26 08:44:18,87747,80243
2017-06-26 08:44:20,87747,80243
2017-06-26 08:44:22,88041,80176
2017-06-26 08:44:24,88041,80176
2017-06-26 08:44:26,88041,80176
2017-06-26 08:44:28,88041,80176
2017-06-26 08:44:31,88041,80176
2017-06-26 08:44:33,88041,80176
2017-06-26 08:44:35,88041,80176
2017-06-26 08:44:37,88041,80176
2017-06-26 08:44:39,88041,80176
2017-06-26 08:44:41,88041,80176
2017-06-26 08:44:43,88041,80176
2017-06-26 08:44:45,88041,80176
2017-06-26 08:44:47,88041,80176
2017-06-26 08:44:49,88041,80176
2017-06-26 08:44:51,88041,80176
2017-06-26 08:44:53,88041,80176
2017-06-26 08:44:55,88041,80176
2017-06-26 08:44:57,88041,80176
2017-06-26 08:44:59,88041,80176
2017-06-26 08:45:01,88041,80176
2017-06-26 08:45:04,88041,80176
2017-06-26 08:45:06,88041,80176
2017-06-26 08:45:08,88041,80176
2017-06-26 08:45:10,88041,80176
2017-06-26 08:45:12,88041,80176
2017-06-26 08:45:14,88041,80176
2017-06-26 08:45:16,88041,80176
2017-06-26 08:45:18,88041,80176
2017-06-26 08:45:20,88041,80176
2017-06-26 08:45:22,87507,80177
2017-06-26 08:45:24,87507,80177
2017-06-26 08:45:26,87507,80177
2017-06-26 08:45:28,87507,80177
2017-06-26 08:45:30,87507,80177
2017-06-26 08:45:32,87507,80177
2017-06-26 08:45:34,87507,80177
2017-06-26 08:45:36,87507,80177
2017-06-26 08:45:39,87507,80177
2017-06-26 08:45:41,87507,80177
2017-06-26 08:45:43,87507,80177
2017-06-26 08:45:45,87507,80177
2017-06-26 08:45:47,87507,80177
2017-06-26 08:45:49,87507,80177
2017-06-26 08:45:51,87507,80177
2017-06-26 08:45:53,87507,80177
2017-06-26 08:45:55,87507,80177
2017-06-26 08:45:57,87507,80177
2017-06-26 08:45:59,87507,80177
2017-06-26 08:46:01,87507,80177
2017-06-26 08:46:03,87507,80177
2017-06-26 08:46:05,87507,80177
2017-06-26 08:46:07,87507,80177
2017-06-26 08:46:09,87507,80177
2017-06-26 08:46:11,87507,80177
2017-06-26 08:46:13,87507,80177
2017-06-26 08:46:16,87507,80177
2017-06-26 08:46:18,87507,80177
2017-06-26 08:46:20,87507,80177
2017-06-26 08:46:22,87884,80177
2017-06-26 08:46:24,87884,80177
2017-06-26 08:46:26,87884,80177
2017-06-26 08:46:28,87884,80177
2017-06-26 08:46:30,87884,80177
2017-06-26 08:46:32,87884,80177
2017-06-26 08:46:34,87884,80177
2017-06-26 08:46:36,87884,80177
2017-06-26 08:46:38,87884,80177
2017-06-26 08:46:40,87884,80177
2017-06-26 08:46:42,87884,80177
2017-06-26 08:46:44,87884,80177
2017-06-26 08:46:46,87884,80177
2017-06-26 08:46:48,87884,80177
2017-06-26 08:46:51,87884,80177
2017-06-26 08:46:53,87884,80177
2017-06-26 08:46:55,87884,80177
2017-06-26 08:46:57,87884,80177
2017-06-26 08:46:59,87884,80177
2017-06-26 08:47:01,87884,80177
2017-06-26 08:47:03,87884,80177
2017-06-26 08:47:05,87884,80177
2017-06-26 08:47:07,87884,80177
2017-06-26 08:47:09,87884,80177
2017-06-26 08:47:11,87884,80177
2017-06-26 08:47:13,87884,80177
2017-06-26 08:47:15,87884,80177
2017-06-26 08:47:17,87884,80177
2017-06-26 08:47:19,87884,80177
2017-06-26 08:47:21,87499,79829
2017-06-26 08:47:24,87499,79829
2017-06-26 08:47:26,87499,79829
2017-06-26 08:47:28,87499,79829
2017-06-26 08:47:30,87499,79829
2017-06-26 08:47:32,87499,79829
2017-06-26 08:47:34,87499,79829
2017-06-26 08:47:36,87499,79829
2017-06-26 08:47:38,87499,79829
2017-06-26 08:47:40,87499,79829
2017-06-26 08:47:42,87499,79829
2017-06-26 08:47:44,87499,79829
2017-06-26 08:47:46,87499,79829
2017-06-26 08:47:48,87499,79829
2017-06-26 08:47:50,87499,79829
2017-06-26 08:47:52,87499,79829
2017-06-26 08:47:54,87499,79829
2017-06-26 08:47:56,87499,79829
2017-06-26 08:47:58,87499,79829
2017-06-26 08:48:01,87499,79829
2017-06-26 08:48:03,87499,79829
2017-06-26 08:48:05,87499,79829
2017-06-26 08:48:07,87499,79829
2017-06-26 08:48:09,87499,79829
2017-06-26 08:48:11,87499,79829
2017-06-26 08:48:13,87499,79829
2017-06-26 08:48:15,87499,79829
2017-06-26 08:48:17,87499,79829
2017-06-26 08:48:19,87499,79829
2017-06-26 08:48:21,87499,79829
2017-06-26 08:48:23,87057,79829
2017-06-26 08:48:25,87057,79829
2017-06-26 08:48:27,87057,79829
2017-06-26 08:48:29,87057,79829
2017-06-26 08:48:31,87057,79829
2017-06-26 08:48:33,87057,79829
2017-06-26 08:48:35,87057,79829
2017-06-26 08:48:38,87057,79829
2017-06-26 08:48:40,87057,79829
2017-06-26 08:48:42,87057,79829
2017-06-26 08:48:44,87057,79829
2017-06-26 08:48:46,87057,79829
2017-06-26 08:48:48,87057,79829
2017-06-26 08:48:50,87057,79829
2017-06-26 08:48:52,87057,79829
2017-06-26 08:48:54,87057,79829
2017-06-26 08:48:56,87057,79829
2017-06-26 08:48:58,87057,79829
2017-06-26 08:49:00,87057,79829
2017-06-26 08:49:02,87057,79829
2017-06-26 08:49:04,87057,79829
2017-06-26 08:49:06,87057,79829
2017-06-26 08:49:08,87057,79829
2017-06-26 08:49:10,87057,79829
2017-06-26 08:49:13,87057,79829
2017-06-26 08:49:15,87057,79829
2017-06-26 08:49:17,87057,79829
2017-06-26 08:49:19,87057,79829
2017-06-26 08:49:21,87057,79829
2017-06-26 08:49:23,87278,80036
2017-06-26 08:49:25,87278,80036
2017-06-26 08:49:27,87278,80036
2017-06-26 08:49:29,87278,80036
2017-06-26 08:49:31,87278,80036
2017-06-26 08:49:33,87278,80036
2017-06-26 08:49:35,87278,80036
2017-06-26 08:49:37,87278,80036
2017-06-26 08:49:39,87278,80036
2017-06-26 08:49:41,87278,80036
2017-06-26 08:49:43,87278,80036
2017-06-26 08:49:46,87278,80036
2017-06-26 08:49:48,87278,80036
2017-06-26 08:49:50,87278,80036
2017-06-26 08:49:52,87278,80036
2017-06-26 08:49:54,87278,80036
2017-06-26 08:49:56,87278,80036
2017-06-26 08:49:58,87278,80036
2017-06-26 08:50:00,87278,80036
2017-06-26 08:50:02,87278,80036
2017-06-26 08:50:04,87278,80036
2017-06-26 08:50:06,87278,80036
2017-06-26 08:50:08,87278,80036
2017-06-26 08:50:10,87278,80036
2017-06-26 08:50:12,87278,80036
2017-06-26 08:50:14,87278,80036
2017-06-26 08:50:16,87278,80036
2017-06-26 08:50:19,87278,80036
2017-06-26 08:50:21,87278,80036
2017-06-26 08:50:23,87727,79829
2017-06-26 08:50:25,87727,79829
2017-06-26 08:50:27,87727,79829
2017-06-26 08:50:29,87727,79829
2017-06-26 08:50:31,87727,79829
2017-06-26 08:50:33,87727,79829
2017-06-26 08:50:35,87727,79829
2017-06-26 08:50:37,87727,79829
2017-06-26 08:50:39,87727,79829
2017-06-26 08:50:41,87727,79829
2017-06-26 08:50:43,87727,79829
2017-06-26 08:50:45,87727,79829
2017-06-26 08:50:47,87727,79829
2017-06-26 08:50:49,87727,79829
2017-06-26 08:50:51,87727,79829
2017-06-26 08:50:53,87727,79829
2017-06-26 08:50:55,87727,79829
2017-06-26 08:50:58,87727,79829
2017-06-26 08:51:00,87727,79829
2017-06-26 08:51:02,87727,79829
2017-06-26 08:51:04,87727,79829
2017-06-26 08:51:06,87727,79829
2017-06-26 08:51:08,87727,79829
2017-06-26 08:51:10,87727,79829
2017-06-26 08:51:12,87727,79829
2017-06-26 08:51:14,87727,79829
2017-06-26 08:51:16,87727,79829
2017-06-26 08:51:18,87727,79829
2017-06-26 08:51:20,87727,79829
2017-06-26 08:51:22,87748,80036
2017-06-26 08:51:24,87748,80036
2017-06-26 08:51:26,87748,80036
2017-06-26 08:51:28,87748,80036
2017-06-26 08:51:30,87748,80036
2017-06-26 08:51:33,87748,80036
2017-06-26 08:51:35,87748,80036
2017-06-26 08:51:37,87748,80036
2017-06-26 08:51:39,87748,80036
2017-06-26 08:51:41,87748,80036
2017-06-26 08:51:43,87748,80036
2017-06-26 08:51:45,87748,80036
2017-06-26 08:51:47,87748,80036
2017-06-26 08:51:49,87748,80036
2017-06-26 08:51:51,87748,80036
2017-06-26 08:51:53,87748,80036
2017-06-26 08:51:55,87748,80036
2017-06-26 08:51:57,87748,80036
2017-06-26 08:51:59,87748,80036
2017-06-26 08:52:01,87748,80036
2017-06-26 08:52:03,87748,80036
2017-06-26 08:52:05,87748,80036
2017-06-26 08:52:08,87748,80036
2017-06-26 08:52:10,87748,80036
2017-06-26 08:52:12,87748,80036
2017-06-26 08:52:14,87748,80036
2017-06-26 08:52:16,87748,80036
2017-06-26 08:52:18,87748,80036
2017-06-26 08:52:20,87748,80036
2017-06-26 08:52:22,87278,80147
2017-06-26 08:52:24,87278,80147
2017-06-26 08:52:26,87278,80147
2017-06-26 08:52:28,87278,80147
2017-06-26 08:52:30,87278,80147
2017-06-26 08:52:32,87278,80147
2017-06-26 08:52:34,87278,80147
2017-06-26 08:52:36,87278,80147
2017-06-26 08:52:38,87278,80147
2017-06-26 08:52:40,87278,80147
2017-06-26 08:52:42,87278,80147
2017-06-26 08:52:45,87278,80147
2017-06-26 08:52:47,87278,80147
2017-06-26 08:52:49,87278,80147
2017-06-26 08:52:51,87278,80147
2017-06-26 08:52:53,87278,80147
2017-06-26 08:52:55,87278,80147
2017-06-26 08:52:57,87278,80147
2017-06-26 08:52:59,87278,80147
2017-06-26 08:53:01,87278,80147
2017-06-26 08:53:03,87278,80147
2017-06-26 08:53:05,87278,80147
2017-06-26 08:53:07,87278,80147
2017-06-26 08:53:09,87278,80147
2017-06-26 08:53:11,87278,80147
2017-06-26 08:53:13,87278,80147
2017-06-26 08:53:15,87278,80147
2017-06-26 08:53:17,87278,80147
2017-06-26 08:53:19,87278,80147
2017-06-26 08:53:22,87278,80147
2017-06-26 08:53:24,87244,80119
2017-06-26 08:53:26,87244,80119
2017-06-26 08:53:28,87244,80119
2017-06-26 08:53:30,87244,80119
2017-06-26 08:53:32,87244,80119
2017-06-26 08:53:34,87244,80119
2017-06-26 08:53:36,87244,80119
2017-06-26 08:53:38,87244,80119
2017-06-26 08:53:40,87244,80119
2017-06-26 08:53:42,87244,80119
2017-06-26 08:53:44,87244,80119
2017-06-26 08:53:46,87244,80119
2017-06-26 08:53:48,87244,80119
2017-06-26 08:53:50,87244,80119
2017-06-26 08:53:52,87244,80119
2017-06-26 08:53:54,87244,80119
2017-06-26 08:53:56,87244,80119
2017-06-26 08:53:59,87244,80119
2017-06-26 08:54:01,87244,80119
2017-06-26 08:54:03,87244,80119
2017-06-26 08:54:05,87244,80119
2017-06-26 08:54:07,87244,80119
2017-06-26 08:54:09,87244,80119
2017-06-26 08:54:11,87244,80119
2017-06-26 08:54:13,87244,80119
2017-06-26 08:54:15,87244,80119
2017-06-26 08:54:17,87244,80119
2017-06-26 08:54:19,87244,80119
2017-06-26 08:54:21,87244,80119
2017-06-26 08:54:23,88133,79546
2017-06-26 08:54:25,88133,79546
2017-06-26 08:54:27,88133,79546
2017-06-26 08:54:29,88133,79546
2017-06-26 08:54:31,88133,79546
2017-06-26 08:54:34,88133,79546
2017-06-26 08:54:36,88133,79546
2017-06-26 08:54:38,88133,79546
2017-06-26 08:54:40,88133,79546
2017-06-26 08:54:42,88133,79546
2017-06-26 08:54:44,88133,79546
2017-06-26 08:54:46,88133,79546
2017-06-26 08:54:48,88133,79546
2017-06-26 08:54:50,88133,79546
2017-06-26 08:54:52,88133,79546
2017-06-26 08:54:54,88133,79546
2017-06-26 08:54:56,88133,79546
2017-06-26 08:54:58,88133,79546
2017-06-26 08:55:00,88133,79546
2017-06-26 08:55:03,88133,79546
2017-06-26 08:55:05,88133,79546
2017-06-26 08:55:07,88133,79546
2017-06-26 08:55:09,88133,79546
2017-06-26 08:55:11,88133,79546
2017-06-26 08:55:13,88133,79546
2017-06-26 08:55:15,88133,79546
2017-06-26 08:55:17,88133,79546
2017-06-26 08:55:19,88133,79546
2017-06-26 08:55:21,88133,79546
2017-06-26 08:55:23,88041,79715
2017-06-26 08:55:25,88041,79715
2017-06-26 08:55:27,88041,79715
2017-06-26 08:55:29,88041,79715
2017-06-26 08:55:31,88041,79715
2017-06-26 08:55:33,88041,79715
2017-06-26 08:55:36,88041,79715
2017-06-26 08:55:38,88041,79715
2017-06-26 08:55:40,88041,79715
2017-06-26 08:55:42,88041,79715
2017-06-26 08:55:44,88041,79715
2017-06-26 08:55:46,88041,79715
2017-06-26 08:55:48,88041,79715
2017-06-26 08:55:50,88041,79715
2017-06-26 08:55:52,88041,79715
2017-06-26 08:55:54,88041,79715
2017-06-26 08:55:56,88041,79715
2017-06-26 08:55:58,88041,79715
2017-06-26 08:56:00,88041,79715
2017-06-26 08:56:02,88041,79715
2017-06-26 08:56:04,88041,79715
2017-06-26 08:56:06,88041,79715
2017-06-26 08:56:08,88041,79715
2017-06-26 08:56:11,88041,79715
2017-06-26 08:56:13,88041,79715
2017-06-26 08:56:15,88041,79715
2017-06-26 08:56:17,88041,79715
2017-06-26 08:56:19,88041,79715
2017-06-26 08:56:21,88041,79715
2017-06-26 08:56:23,87057,80036
2017-06-26 08:56:25,87057,80036
2017-06-26 08:56:27,87057,80036
2017-06-26 08:56:29,87057,80036
2017-06-26 08:56:31,87057,80036
2017-06-26 08:56:33,87057,80036
2017-06-26 08:56:35,87057,80036
2017-06-26 08:56:37,87057,80036
2017-06-26 08:56:39,87057,80036
2017-06-26 08:56:41,87057,80036
2017-06-26 08:56:43,87057,80036
2017-06-26 08:56:46,87057,80036
2017-06-26 08:56:48,87057,80036
2017-06-26 08:56:50,87057,80036
2017-06-26 08:56:52,87057,80036
2017-06-26 08:56:54,87057,80036
2017-06-26 08:56:56,87057,80036
2017-06-26 08:56:58,87057,80036
2017-06-26 08:57:00,87057,80036
2017-06-26 08:57:02,87057,80036
2017-06-26 08:57:04,87057,80036
2017-06-26 08:57:06,87057,80036
2017-06-26 08:57:08,87057,80036
2017-06-26 08:57:10,87057,80036
2017-06-26 08:57:12,87057,80036
2017-06-26 08:57:14,87057,80036
2017-06-26 08:57:16,87057,80036
2017-06-26 08:57:18,87057,80036
2017-06-26 08:57:20,87057,80036
2017-06-26 08:57:23,87714,80147
2017-06-26 08:57:25,87714,80147
2017-06-26 08:57:27,87714,80147
2017-06-26 08:57:29,87714,80147
2017-06-26 08:57:31,87714,80147
2017-06-26 08:57:33,87714,80147
2017-06-26 08:57:35,87714,80147
2017-06-26 08:57:37,87714,80147
2017-06-26 08:57:39,87714,80147
2017-06-26 08:57:41,87714,80147
2017-06-26 08:57:43,87714,80147
2017-06-26 08:57:45,87714,80147
2017-06-26 08:57:47,87714,80147
2017-06-26 08:57:49,87714,80147
2017-06-26 08:57:51,87714,80147
2017-06-26 08:57:53,87714,80147
2017-06-26 08:57:55,87714,80147
2017-06-26 08:57:58,87714,80147
2017-06-26 08:58:00,87714,80147
2017-06-26 08:58:02,87714,80147
2017-06-26 08:58:04,87714,80147
2017-06-26 08:58:06,87714,80147
2017-06-26 08:58:08,87714,80147
2017-06-26 08:58:10,87714,80147
2017-06-26 08:58:12,87714,80147
2017-06-26 08:58:14,87714,80147
2017-06-26 08:58:16,87714,80147
2017-06-26 08:58:18,87714,80147
2017-06-26 08:58:20,87714,80147
2017-06-26 08:58:22,87395,80119
2017-06-26 08:58:24,87395,80119
2017-06-26 08:58:26,87395,80119
2017-06-26 08:58:28,87395,80119
2017-06-26 08:58:30,87395,80119
2017-06-26 08:58:32,87395,80119
2017-06-26 08:58:34,87395,80119
2017-06-26 08:58:37,87395,80119
2017-06-26 08:58:39,87395,80119
2017-06-26 08:58:41,87395,80119
2017-06-26 08:58:43,87395,80119
2017-06-26 08:58:45,87395,80119
2017-06-26 08:58:47,87395,80119
2017-06-26 08:58:49,87395,80119
2017-06-26 08:58:51,87395,80119
2017-06-26 08:58:53,87395,80119
2017-06-26 08:58:55,87395,80119
2017-06-26 08:58:57,87395,80119
2017-06-26 08:58:59,87395,80119
2017-06-26 08:59:01,87395,80119
2017-06-26 08:59:03,87395,80119
2017-06-26 08:59:05,87395,80119
2017-06-26 08:59:07,87395,80119
2017-06-26 08:59:09,87395,80119
2017-06-26 08:59:11,87395,80119
2017-06-26 08:59:13,87395,80119
2017-06-26 08:59:16,87395,80119
2017-06-26 08:59:18,87395,80119
2017-06-26 08:59:20,87395,80119
2017-06-26 08:59:22,87356,80119
2017-06-26 08:59:24,87356,80119
2017-06-26 08:59:26,87356,80119
2017-06-26 08:59:28,87356,80119
2017-06-26 08:59:30,87356,80119
2017-06-26 08:59:32,87356,80119
2017-06-26 08:59:34,87356,80119
2017-06-26 08:59:37,87356,80119
2017-06-26 08:59:39,87356,80119
2017-06-26 08:59:42,87356,80119
2017-06-26 08:59:44,87356,80119
2017-06-26 08:59:46,87356,80119
2017-06-26 08:59:48,87356,80119
2017-06-26 08:59:50,87356,80119
2017-06-26 08:59:52,87356,80119
2017-06-26 08:59:54,87356,80119
2017-06-26 08:59:56,87356,80119
2017-06-26 08:59:58,87356,80119
2017-06-26 09:00:00,87356,80119
2017-06-26 09:00:02,87356,80119
2017-06-26 09:00:04,87356,80119
2017-06-26 09:00:06,87356,80119
2017-06-26 09:00:08,87356,80119
2017-06-26 09:00:10,87356,80119
2017-06-26 09:00:13,87356,80119
2017-06-26 09:00:15,87356,80119
2017-06-26 09:00:17,87356,80119
2017-06-26 09:00:19,87356,80119
2017-06-26 09:00:21,87356,80119
2017-06-26 09:00:23,87278,80119
2017-06-26 09:00:25,87278,80119
2017-06-26 09:00:27,87278,80119
2017-06-26 09:00:29,87278,80119
2017-06-26 09:00:31,87278,80119
2017-06-26 09:00:33,87278,80119
2017-06-26 09:00:35,87278,80119
2017-06-26 09:00:37,87278,80119
2017-06-26 09:00:39,87278,80119
2017-06-26 09:00:41,87278,80119
2017-06-26 09:00:43,87278,80119
2017-06-26 09:00:45,87278,80119
2017-06-26 09:00:48,87278,80119
2017-06-26 09:00:50,87278,80119
2017-06-26 09:00:52,87278,80119
2017-06-26 09:00:54,87278,80119
2017-06-26 09:00:56,87278,80119
2017-06-26 09:00:58,87278,80119
2017-06-26 09:01:00,87278,80119
2017-06-26 09:01:02,87278,80119
2017-06-26 09:01:04,87278,80119
2017-06-26 09:01:06,87278,80119
2017-06-26 09:01:08,87278,80119
2017-06-26 09:01:10,87278,80119
2017-06-26 09:01:12,87278,80119
2017-06-26 09:01:14,87278,80119
2017-06-26 09:01:16,87278,80119
2017-06-26 09:01:18,87278,80119
2017-06-26 09:01:20,87278,80119
2017-06-26 09:01:22,87741,80036
2017-06-26 09:01:25,87741,80036
2017-06-26 09:01:27,87741,80036
2017-06-26 09:01:29,87741,80036
2017-06-26 09:01:31,87741,80036
2017-06-26 09:01:33,87741,80036
2017-06-26 09:01:35,87741,80036
2017-06-26 09:01:37,87741,80036
2017-06-26 09:01:39,87741,80036
2017-06-26 09:01:41,87741,80036
2017-06-26 09:01:43,87741,80036
2017-06-26 09:01:45,87741,80036
2017-06-26 09:01:47,87741,80036
2017-06-26 09:01:49,87741,80036
2017-06-26 09:01:51,87741,80036
2017-06-26 09:01:53,87741,80036
2017-06-26 09:01:56,87741,80036
2017-06-26 09:01:58,87741,80036
2017-06-26 09:02:00,87741,80036
2017-06-26 09:02:02,87741,80036
2017-06-26 09:02:04,87741,80036
2017-06-26 09:02:06,87741,80036
2017-06-26 09:02:08,87741,80036
2017-06-26 09:02:10,87741,80036
2017-06-26 09:02:12,87741,80036
2017-06-26 09:02:14,87741,80036
2017-06-26 09:02:16,87741,80036
2017-06-26 09:02:18,87741,80036
2017-06-26 09:02:20,87741,80036
2017-06-26 09:02:22,87192,80147
2017-06-26 09:02:24,87192,80147
2017-06-26 09:02:27,87192,80147
2017-06-26 09:02:29,87192,80147
2017-06-26 09:02:31,87192,80147
2017-06-26 09:02:33,87192,80147
2017-06-26 09:02:35,87192,80147
2017-06-26 09:02:37,87192,80147
2017-06-26 09:02:39,87192,80147
2017-06-26 09:02:41,87192,80147
2017-06-26 09:02:43,87192,80147
2017-06-26 09:02:45,87192,80147
2017-06-26 09:02:47,87192,80147
2017-06-26 09:02:49,87192,80147
2017-06-26 09:02:51,87192,80147
2017-06-26 09:02:53,87192,80147
2017-06-26 09:02:55,87192,80147
2017-06-26 09:02:57,87192,80147
2017-06-26 09:03:00,87192,80147
2017-06-26 09:03:02,87192,80147
2017-06-26 09:03:04,87192,80147
2017-06-26 09:03:06,87192,80147
2017-06-26 09:03:08,87192,80147
2017-06-26 09:03:10,87192,80147
2017-06-26 09:03:12,87192,80147
2017-06-26 09:03:14,87192,80147
2017-06-26 09:03:16,87192,80147
2017-06-26 09:03:18,87192,80147
2017-06-26 09:03:20,87192,80147
2017-06-26 09:03:22,87830,80243
2017-06-26 09:03:24,87830,80243
2017-06-26 09:03:26,87830,80243
2017-06-26 09:03:28,87830,80243
2017-06-26 09:03:30,87830,80243
2017-06-26 09:03:32,87830,80243
2017-06-26 09:03:34,87830,80243
2017-06-26 09:03:37,87830,80243
2017-06-26 09:03:39,87830,80243
2017-06-26 09:03:41,87830,80243
2017-06-26 09:03:43,87830,80243
2017-06-26 09:03:45,87830,80243
2017-06-26 09:03:47,87830,80243
2017-06-26 09:03:49,87830,80243
2017-06-26 09:03:51,87830,80243
2017-06-26 09:03:53,87830,80243
2017-06-26 09:03:55,87830,80243
2017-06-26 09:03:57,87830,80243
2017-06-26 09:03:59,87830,80243
2017-06-26 09:04:01,87830,80243
2017-06-26 09:04:03,87830,80243
2017-06-26 09:04:05,87830,80243
2017-06-26 09:04:07,87830,80243
2017-06-26 09:04:10,87830,80243
2017-06-26 09:04:12,87830,80243
2017-06-26 09:04:14,87830,80243
2017-06-26 09:04:16,87830,80243
2017-06-26 09:04:18,87830,80243
2017-06-26 09:04:20,87830,80243
2017-06-26 09:04:22,87749,80147
2017-06-26 09:04:24,87749,80147
2017-06-26 09:04:26,87749,80147
2017-06-26 09:04:28,87749,80147
2017-06-26 09:04:30,87749,80147
2017-06-26 09:04:32,87749,80147
2017-06-26 09:04:34,87749,80147
2017-06-26 09:04:36,87749,80147
2017-06-26 09:04:38,87749,80147
2017-06-26 09:04:40,87749,80147
2017-06-26 09:04:42,87749,80147
2017-06-26 09:04:44,87749,80147
2017-06-26 09:04:47,87749,80147
2017-06-26 09:04:49,87749,80147
2017-06-26 09:04:51,87749,80147
2017-06-26 09:04:53,87749,80147
2017-06-26 09:04:55,87749,80147
2017-06-26 09:04:57,87749,80147
2017-06-26 09:04:59,87749,80147
2017-06-26 09:05:01,87749,80147
2017-06-26 09:05:03,87749,80147
2017-06-26 09:05:05,87749,80147
2017-06-26 09:05:07,87749,80147
2017-06-26 09:05:09,87749,80147
2017-06-26 09:05:12,87749,80147
2017-06-26 09:05:14,87749,80147
2017-06-26 09:05:16,87749,80147
2017-06-26 09:05:18,87749,80147
2017-06-26 09:05:20,87749,80147
2017-06-26 09:05:22,87770,80094
2017-06-26 09:05:24,87770,80094
2017-06-26 09:05:26,87770,80094
2017-06-26 09:05:28,87770,80094
2017-06-26 09:05:30,87770,80094
2017-06-26 09:05:32,87770,80094
2017-06-26 09:05:34,87770,80094
2017-06-26 09:05:36,87770,80094
2017-06-26 09:05:38,87770,80094
2017-06-26 09:05:40,87770,80094
2017-06-26 09:05:42,87770,80094
2017-06-26 09:05:45,87770,80094
2017-06-26 09:05:47,87770,80094
2017-06-26 09:05:49,87770,80094
2017-06-26 09:05:51,87770,80094
2017-06-26 09:05:53,87770,80094
2017-06-26 09:05:55,87770,80094
2017-06-26 09:05:57,87770,80094
2017-06-26 09:05:59,87770,80094
2017-06-26 09:06:01,87770,80094
2017-06-26 09:06:03,87770,80094
2017-06-26 09:06:05,87770,80094
2017-06-26 09:06:07,87770,80094
2017-06-26 09:06:09,87770,80094
2017-06-26 09:06:11,87770,80094
2017-06-26 09:06:13,87770,80094
2017-06-26 09:06:15,87770,80094
2017-06-26 09:06:17,87770,80094
2017-06-26 09:06:19,87770,80094
2017-06-26 09:06:22,87443,80094
2017-06-26 09:06:24,87443,80094
2017-06-26 09:06:26,87443,80094
2017-06-26 09:06:28,87443,80094
2017-06-26 09:06:30,87443,80094
2017-06-26 09:06:32,87443,80094
2017-06-26 09:06:34,87443,80094
2017-06-26 09:06:36,87443,80094
2017-06-26 09:06:38,87443,80094
2017-06-26 09:06:40,87443,80094
2017-06-26 09:06:42,87443,80094
2017-06-26 09:06:44,87443,80094
2017-06-26 09:06:46,87443,80094
2017-06-26 09:06:48,87443,80094
2017-06-26 09:06:50,87443,80094
2017-06-26 09:06:52,87443,80094
2017-06-26 09:06:54,87443,80094
2017-06-26 09:06:56,87443,80094
2017-06-26 09:06:59,87443,80094
2017-06-26 09:07:01,87443,80094
2017-06-26 09:07:03,87443,80094
2017-06-26 09:07:05,87443,80094
2017-06-26 09:07:07,87443,80094
2017-06-26 09:07:09,87443,80094
2017-06-26 09:07:11,87443,80094
2017-06-26 09:07:13,87443,80094
2017-06-26 09:07:15,87443,80094
2017-06-26 09:07:17,87443,80094
2017-06-26 09:07:19,87443,80094
2017-06-26 09:07:21,87443,80094
2017-06-26 09:07:23,87984,80094
2017-06-26 09:07:25,87984,80094
2017-06-26 09:07:27,87984,80094
2017-06-26 09:07:29,87984,80094
2017-06-26 09:07:31,87984,80094
2017-06-26 09:07:33,87984,80094
2017-06-26 09:07:35,87984,80094
2017-06-26 09:07:38,87984,80094
2017-06-26 09:07:40,87984,80094
2017-06-26 09:07:42,87984,80094
2017-06-26 09:07:44,87984,80094
2017-06-26 09:07:46,87984,80094
2017-06-26 09:07:48,87984,80094
2017-06-26 09:07:50,87984,80094
2017-06-26 09:07:52,87984,80094
2017-06-26 09:07:54,87984,80094
2017-06-26 09:07:56,87984,80094
2017-06-26 09:07:58,87984,80094
2017-06-26 09:08:00,87984,80094
2017-06-26 09:08:02,87984,80094
2017-06-26 09:08:04,87984,80094
2017-06-26 09:08:06,87984,80094
2017-06-26 09:08:08,87984,80094
2017-06-26 09:08:10,87984,80094
2017-06-26 09:08:13,87984,80094
2017-06-26 09:08:15,87984,80094
2017-06-26 09:08:17,87984,80094
2017-06-26 09:08:19,87984,80094
2017-06-26 09:08:21,87984,80094
2017-06-26 09:08:23,87221,80094
2017-06-26 09:08:25,87221,80094
2017-06-26 09:08:27,87221,80094
2017-06-26 09:08:29,87221,80094
2017-06-26 09:08:31,87221,80094
2017-06-26 09:08:33,87221,80094
2017-06-26 09:08:35,87221,80094
2017-06-26 09:08:37,87221,80094
2017-06-26 09:08:39,87221,80094
2017-06-26 09:08:41,87221,80094
2017-06-26 09:08:43,87221,80094
2017-06-26 09:08:45,87221,80094
2017-06-26 09:08:48,87221,80094
2017-06-26 09:08:50,87221,80094
2017-06-26 09:08:52,87221,80094
2017-06-26 09:08:54,87221,80094
2017-06-26 09:08:56,87221,80094
2017-06-26 09:08:58,87221,80094
2017-06-26 09:09:00,87221,80094
2017-06-26 09:09:02,87221,80094
2017-06-26 09:09:04,87221,80094
2017-06-26 09:09:06,87221,80094
2017-06-26 09:09:08,87221,80094
2017-06-26 09:09:10,87221,80094
2017-06-26 09:09:12,87221,80094
2017-06-26 09:09:14,87221,80094
2017-06-26 09:09:16,87221,80094
2017-06-26 09:09:18,87221,80094
2017-06-26 09:09:20,87221,80094
2017-06-26 09:09:22,87745,80094
2017-06-26 09:09:25,87745,80094
2017-06-26 09:09:27,87745,80094
2017-06-26 09:09:29,87745,80094
2017-06-26 09:09:31,87745,80094
2017-06-26 09:09:33,87745,80094
2017-06-26 09:09:35,87745,80094
2017-06-26 09:09:37,87745,80094
2017-06-26 09:09:39,87745,80094
2017-06-26 09:09:41,87745,80094
2017-06-26 09:09:43,87745,80094
2017-06-26 09:09:45,87745,80094
2017-06-26 09:09:47,87745,80094
2017-06-26 09:09:49,87745,80094
2017-06-26 09:09:51,87745,80094
2017-06-26 09:09:53,87745,80094
2017-06-26 09:09:55,87745,80094
2017-06-26 09:09:57,87745,80094
2017-06-26 09:09:59,87745,80094
2017-06-26 09:10:02,87745,80094
2017-06-26 09:10:04,87745,80094
2017-06-26 09:10:06,87745,80094
2017-06-26 09:10:08,87745,80094
2017-06-26 09:10:10,87745,80094
2017-06-26 09:10:12,87745,80094
2017-06-26 09:10:14,87745,80094
2017-06-26 09:10:16,87745,80094
2017-06-26 09:10:18,87745,80094
2017-06-26 09:10:20,87745,80094
2017-06-26 09:10:22,87835,80119
2017-06-26 09:10:24,87835,80119
2017-06-26 09:10:26,87835,80119
2017-06-26 09:10:28,87835,80119
2017-06-26 09:10:30,87835,80119
2017-06-26 09:10:32,87835,80119
2017-06-26 09:10:34,87835,80119
2017-06-26 09:10:37,87835,80119
2017-06-26 09:10:39,87835,80119
2017-06-26 09:10:41,87835,80119
2017-06-26 09:10:43,87835,80119
2017-06-26 09:10:45,87835,80119
2017-06-26 09:10:47,87835,80119
2017-06-26 09:10:49,87835,80119
2017-06-26 09:10:51,87835,80119
2017-06-26 09:10:53,87835,80119
2017-06-26 09:10:55,87835,80119
2017-06-26 09:10:57,87835,80119
2017-06-26 09:10:59,87835,80119
2017-06-26 09:11:01,87835,80119
2017-06-26 09:11:03,87835,80119
2017-06-26 09:11:05,87835,80119
2017-06-26 09:11:07,87835,80119
2017-06-26 09:11:09,87835,80119
2017-06-26 09:11:11,87835,80119
2017-06-26 09:11:14,87835,80119
2017-06-26 09:11:16,87835,80119
2017-06-26 09:11:18,87835,80119
2017-06-26 09:11:20,87835,80119
2017-06-26 09:11:22,87835,80451
2017-06-26 09:11:24,87835,80451
2017-06-26 09:11:26,87835,80451
2017-06-26 09:11:28,87835,80451
2017-06-26 09:11:30,87835,80451
2017-06-26 09:11:32,87835,80451
2017-06-26 09:11:34,87835,80451
2017-06-26 09:11:36,87835,80451
2017-06-26 09:11:38,87835,80451
2017-06-26 09:11:40,87835,80451
2017-06-26 09:11:42,87835,80451
2017-06-26 09:11:44,87835,80451
2017-06-26 09:11:46,87835,80451
2017-06-26 09:11:49,87835,80451
2017-06-26 09:11:51,87835,80451
2017-06-26 09:11:53,87835,80451
2017-06-26 09:11:55,87835,80451
2017-06-26 09:11:57,87835,80451
2017-06-26 09:11:59,87835,80451
2017-06-26 09:12:01,87835,80451
2017-06-26 09:12:03,87835,80451
2017-06-26 09:12:05,87835,80451
2017-06-26 09:12:07,87835,80451
2017-06-26 09:12:09,87835,80451
2017-06-26 09:12:11,87835,80451
2017-06-26 09:12:13,87835,80451
2017-06-26 09:12:15,87835,80451
2017-06-26 09:12:17,87835,80451
2017-06-26 09:12:19,87835,80451
2017-06-26 09:12:21,87835,80451
2017-06-26 09:12:23,87884,80658
2017-06-26 09:12:25,87884,80658
2017-06-26 09:12:28,87884,80658
2017-06-26 09:12:30,87884,80658
2017-06-26 09:12:32,87884,80658
2017-06-26 09:12:34,87884,80658
2017-06-26 09:12:36,87884,80658
2017-06-26 09:12:38,87884,80658
2017-06-26 09:12:40,87884,80658
2017-06-26 09:12:42,87884,80658
2017-06-26 09:12:44,87884,80658
2017-06-26 09:12:46,87884,80658
2017-06-26 09:12:48,87884,80658
2017-06-26 09:12:50,87884,80658
2017-06-26 09:12:52,87884,80658
2017-06-26 09:12:54,87884,80658
2017-06-26 09:12:56,87884,80658
2017-06-26 09:12:58,87884,80658
2017-06-26 09:13:00,87884,80658
2017-06-26 09:13:02,87884,80658
2017-06-26 09:13:05,87884,80658
2017-06-26 09:13:07,87884,80658
2017-06-26 09:13:09,87884,80658
2017-06-26 09:13:11,87884,80658
2017-06-26 09:13:13,87884,80658
2017-06-26 09:13:15,87884,80658
2017-06-26 09:13:17,87884,80658
2017-06-26 09:13:19,87884,80658
2017-06-26 09:13:21,87884,80658
2017-06-26 09:13:23,87719,80451
2017-06-26 09:13:25,87719,80451
2017-06-26 09:13:27,87719,80451
2017-06-26 09:13:29,87719,80451
2017-06-26 09:13:31,87719,80451
2017-06-26 09:13:33,87719,80451
2017-06-26 09:13:35,87719,80451
2017-06-26 09:13:37,87719,80451
2017-06-26 09:13:39,87719,80451
2017-06-26 09:13:42,87719,80451
2017-06-26 09:13:44,87719,80451
2017-06-26 09:13:46,87719,80451
2017-06-26 09:13:48,87719,80451
2017-06-26 09:13:50,87719,80451
2017-06-26 09:13:52,87719,80451
2017-06-26 09:13:54,87719,80451
2017-06-26 09:13:56,87719,80451
2017-06-26 09:13:58,87719,80451
2017-06-26 09:14:00,87719,80451
2017-06-26 09:14:02,87719,80451
2017-06-26 09:14:04,87719,80451
2017-06-26 09:14:06,87719,80451
2017-06-26 09:14:08,87719,80451
2017-06-26 09:14:10,87719,80451
2017-06-26 09:14:12,87719,80451
2017-06-26 09:14:14,87719,80451
2017-06-26 09:14:17,87719,80451
2017-06-26 09:14:19,87719,80451
2017-06-26 09:14:21,87719,80451
2017-06-26 09:14:23,88133,80147
2017-06-26 09:14:25,88133,80147
2017-06-26 09:14:27,88133,80147
2017-06-26 09:14:29,88133,80147
2017-06-26 09:14:31,88133,80147
2017-06-26 09:14:33,88133,80147
2017-06-26 09:14:35,88133,80147
2017-06-26 09:14:37,88133,80147
2017-06-26 09:14:39,88133,80147
2017-06-26 09:14:41,88133,80147
2017-06-26 09:14:43,88133,80147
2017-06-26 09:14:45,88133,80147
2017-06-26 09:14:47,88133,80147
2017-06-26 09:14:49,88133,80147
2017-06-26 09:14:52,88133,80147
2017-06-26 09:14:54,88133,80147
2017-06-26 09:14:56,88133,80147
2017-06-26 09:14:58,88133,80147
2017-06-26 09:15:00,88133,80147
2017-06-26 09:15:02,88133,80147
2017-06-26 09:15:04,88133,80147
2017-06-26 09:15:06,88133,80147
2017-06-26 09:15:08,88133,80147
2017-06-26 09:15:10,88133,80147
2017-06-26 09:15:12,88133,80147
2017-06-26 09:15:14,88133,80147
2017-06-26 09:15:16,88133,80147
2017-06-26 09:15:18,88133,80147
2017-06-26 09:15:21,88133,80147
2017-06-26 09:15:23,87864,80174
2017-06-26 09:15:25,87864,80174
2017-06-26 09:15:27,87864,80174
2017-06-26 09:15:29,87864,80174
2017-06-26 09:15:31,87864,80174
2017-06-26 09:15:33,87864,80174
2017-06-26 09:15:35,87864,80174
2017-06-26 09:15:37,87864,80174
2017-06-26 09:15:39,87864,80174
2017-06-26 09:15:41,87864,80174
2017-06-26 09:15:43,87864,80174
2017-06-26 09:15:45,87864,80174
2017-06-26 09:15:47,87864,80174
2017-06-26 09:15:49,87864,80174
2017-06-26 09:15:51,87864,80174
2017-06-26 09:15:53,87864,80174
2017-06-26 09:15:55,87864,80174
2017-06-26 09:15:57,87864,80174
2017-06-26 09:16:00,87864,80174
2017-06-26 09:16:02,87864,80174
2017-06-26 09:16:04,87864,80174
2017-06-26 09:16:06,87864,80174
2017-06-26 09:16:08,87864,80174
2017-06-26 09:16:10,87864,80174
2017-06-26 09:16:12,87864,80174
2017-06-26 09:16:14,87864,80174
2017-06-26 09:16:16,87864,80174
2017-06-26 09:16:18,87864,80174
2017-06-26 09:16:20,87864,80174
2017-06-26 09:16:22,87739,80477
2017-06-26 09:16:24,87739,80477
2017-06-26 09:16:26,87739,80477
2017-06-26 09:16:28,87739,80477
2017-06-26 09:16:30,87739,80477
2017-06-26 09:16:33,87739,80477
2017-06-26 09:16:35,87739,80477
2017-06-26 09:16:37,87739,80477
2017-06-26 09:16:39,87739,80477
2017-06-26 09:16:41,87739,80477
2017-06-26 09:16:43,87739,80477
2017-06-26 09:16:45,87739,80477
2017-06-26 09:16:47,87739,80477
2017-06-26 09:16:49,87739,80477
2017-06-26 09:16:51,87739,80477
2017-06-26 09:16:53,87739,80477
2017-06-26 09:16:55,87739,80477
2017-06-26 09:16:57,87739,80477
2017-06-26 09:16:59,87739,80477
2017-06-26 09:17:01,87739,80477
2017-06-26 09:17:03,87739,80477
2017-06-26 09:17:06,87739,80477
2017-06-26 09:17:08,87739,80477
2017-06-26 09:17:10,87739,80477
2017-06-26 09:17:12,87739,80477
2017-06-26 09:17:14,87739,80477
2017-06-26 09:17:16,87739,80477
2017-06-26 09:17:18,87739,80477
2017-06-26 09:17:20,87739,80477
2017-06-26 09:17:22,87750,80685
2017-06-26 09:17:24,87750,80685
2017-06-26 09:17:26,87750,80685
2017-06-26 09:17:28,87750,80685
2017-06-26 09:17:30,87750,80685
2017-06-26 09:17:32,87750,80685
2017-06-26 09:17:34,87750,80685
2017-06-26 09:17:36,87750,80685
2017-06-26 09:17:38,87750,80685
2017-06-26 09:17:40,87750,80685
2017-06-26 09:17:43,87750,80685
2017-06-26 09:17:45,87750,80685
2017-06-26 09:17:47,87750,80685
2017-06-26 09:17:49,87750,80685
2017-06-26 09:17:51,87750,80685
2017-06-26 09:17:53,87750,80685
2017-06-26 09:17:55,87750,80685
2017-06-26 09:17:57,87750,80685
2017-06-26 09:17:59,87750,80685
2017-06-26 09:18:01,87750,80685
2017-06-26 09:18:03,87750,80685
2017-06-26 09:18:05,87750,80685
2017-06-26 09:18:07,87750,80685
2017-06-26 09:18:09,87750,80685
2017-06-26 09:18:11,87750,80685
2017-06-26 09:18:13,87750,80685
2017-06-26 09:18:15,87750,80685
2017-06-26 09:18:18,87750,80685
2017-06-26 09:18:20,87750,80685
2017-06-26 09:18:22,87529,80600
2017-06-26 09:18:24,87529,80600
2017-06-26 09:18:26,87529,80600
2017-06-26 09:18:28,87529,80600
2017-06-26 09:18:30,87529,80600
2017-06-26 09:18:32,87529,80600
2017-06-26 09:18:34,87529,80600
2017-06-26 09:18:36,87529,80600
2017-06-26 09:18:38,87529,80600
2017-06-26 09:18:40,87529,80600
2017-06-26 09:18:42,87529,80600
2017-06-26 09:18:44,87529,80600
2017-06-26 09:18:46,87529,80600
2017-06-26 09:18:48,87529,80600
2017-06-26 09:18:51,87529,80600
2017-06-26 09:18:53,87529,80600
2017-06-26 09:18:55,87529,80600
2017-06-26 09:18:57,87529,80600
2017-06-26 09:18:59,87529,80600
2017-06-26 09:19:01,87529,80600
2017-06-26 09:19:03,87529,80600
2017-06-26 09:19:05,87529,80600
2017-06-26 09:19:07,87529,80600
2017-06-26 09:19:09,87529,80600
2017-06-26 09:19:11,87529,80600
2017-06-26 09:19:13,87529,80600
2017-06-26 09:19:15,87529,80600
2017-06-26 09:19:17,87529,80600
2017-06-26 09:19:19,87529,80600
2017-06-26 09:19:21,88070,80685
2017-06-26 09:19:23,88070,80685
2017-06-26 09:19:25,88070,80685
2017-06-26 09:19:28,88070,80685
2017-06-26 09:19:30,88070,80685
2017-06-26 09:19:32,88070,80685
2017-06-26 09:19:34,88070,80685
2017-06-26 09:19:36,88070,80685
2017-06-26 09:19:38,88070,80685
2017-06-26 09:19:40,88070,80685
2017-06-26 09:19:42,88070,80685
2017-06-26 09:19:44,88070,80685
2017-06-26 09:19:46,88070,80685
2017-06-26 09:19:48,88070,80685
2017-06-26 09:19:50,88070,80685
2017-06-26 09:19:52,88070,80685
2017-06-26 09:19:54,88070,80685
2017-06-26 09:19:56,88070,80685
2017-06-26 09:19:58,88070,80685
2017-06-26 09:20:01,88070,80685
2017-06-26 09:20:03,88070,80685
2017-06-26 09:20:05,88070,80685
2017-06-26 09:20:07,88070,80685
2017-06-26 09:20:09,88070,80685
2017-06-26 09:20:11,88070,80685
2017-06-26 09:20:13,88070,80685
2017-06-26 09:20:15,88070,80685
2017-06-26 09:20:17,88070,80685
2017-06-26 09:20:19,88070,80685
2017-06-26 09:20:21,88070,80685
2017-06-26 09:20:23,87722,80658
2017-06-26 09:20:25,87722,80658
2017-06-26 09:20:27,87722,80658
2017-06-26 09:20:29,87722,80658
2017-06-26 09:20:31,87722,80658
2017-06-26 09:20:34,87722,80658
2017-06-26 09:20:36,87722,80658
2017-06-26 09:20:38,87722,80658
2017-06-26 09:20:40,87722,80658
2017-06-26 09:20:42,87722,80658
2017-06-26 09:20:44,87722,80658
2017-06-26 09:20:46,87722,80658
2017-06-26 09:20:48,87722,80658
2017-06-26 09:20:50,87722,80658
2017-06-26 09:20:52,87722,80658
2017-06-26 09:20:54,87722,80658
2017-06-26 09:20:56,87722,80658
2017-06-26 09:20:58,87722,80658
2017-06-26 09:21:00,87722,80658
2017-06-26 09:21:02,87722,80658
2017-06-26 09:21:04,87722,80658
2017-06-26 09:21:06,87722,80658
2017-06-26 09:21:08,87722,80658
2017-06-26 09:21:11,87722,80658
2017-06-26 09:21:13,87722,80658
2017-06-26 09:21:15,87722,80658
2017-06-26 09:21:17,87722,80658
2017-06-26 09:21:19,87722,80658
2017-06-26 09:21:21,87722,80658
2017-06-26 09:21:23,87500,80658
2017-06-26 09:21:25,87500,80658
2017-06-26 09:21:27,87500,80658
2017-06-26 09:21:29,87500,80658
2017-06-26 09:21:31,87500,80658
2017-06-26 09:21:33,87500,80658
2017-06-26 09:21:35,87500,80658
2017-06-26 09:21:37,87500,80658
2017-06-26 09:21:39,87500,80658
2017-06-26 09:21:41,87500,80658
2017-06-26 09:21:43,87500,80658
2017-06-26 09:21:46,87500,80658
2017-06-26 09:21:48,87500,80658
2017-06-26 09:21:50,87500,80658
2017-06-26 09:21:52,87500,80658
2017-06-26 09:21:54,87500,80658
2017-06-26 09:21:56,87500,80658
2017-06-26 09:21:58,87500,80658
2017-06-26 09:22:00,87500,80658
2017-06-26 09:22:02,87500,80658
2017-06-26 09:22:04,87500,80658
2017-06-26 09:22:06,87500,80658
2017-06-26 09:22:08,87500,80658
2017-06-26 09:22:10,87500,80658
2017-06-26 09:22:12,87500,80658
2017-06-26 09:22:14,87500,80658
2017-06-26 09:22:16,87500,80658
2017-06-26 09:22:18,87500,80658
2017-06-26 09:22:21,87500,80658
2017-06-26 09:22:23,87500,80451
2017-06-26 09:22:25,87500,80451
2017-06-26 09:22:27,87500,80451
2017-06-26 09:22:29,87500,80451
2017-06-26 09:22:31,87500,80451
2017-06-26 09:22:33,87500,80451
2017-06-26 09:22:35,87500,80451
2017-06-26 09:22:37,87500,80451
2017-06-26 09:22:39,87500,80451
2017-06-26 09:22:41,87500,80451
2017-06-26 09:22:43,87500,80451
2017-06-26 09:22:45,87500,80451
2017-06-26 09:22:47,87500,80451
2017-06-26 09:22:49,87500,80451
2017-06-26 09:22:51,87500,80451
2017-06-26 09:22:53,87500,80451
2017-06-26 09:22:55,87500,80451
2017-06-26 09:22:57,87500,80451
2017-06-26 09:23:00,87500,80451
2017-06-26 09:23:02,87500,80451
2017-06-26 09:23:04,87500,80451
2017-06-26 09:23:06,87500,80451
2017-06-26 09:23:08,87500,80451
2017-06-26 09:23:10,87500,80451
2017-06-26 09:23:12,87500,80451
2017-06-26 09:23:14,87500,80451
2017-06-26 09:23:16,87500,80451
2017-06-26 09:23:18,87500,80451
2017-06-26 09:23:20,87500,80451
2017-06-26 09:23:22,87830,80658
2017-06-26 09:23:24,87830,80658
2017-06-26 09:23:26,87830,80658
2017-06-26 09:23:28,87830,80658
2017-06-26 09:23:30,87830,80658
2017-06-26 09:23:32,87830,80658
2017-06-26 09:23:34,87830,80658
2017-06-26 09:23:37,87830,80658
2017-06-26 09:23:39,87830,80658
2017-06-26 09:23:41,87830,80658
2017-06-26 09:23:43,87830,80658
2017-06-26 09:23:45,87830,80658
2017-06-26 09:23:47,87830,80658
2017-06-26 09:23:49,87830,80658
2017-06-26 09:23:51,87830,80658
2017-06-26 09:23:53,87830,80658
2017-06-26 09:23:55,87830,80658
2017-06-26 09:23:57,87830,80658
2017-06-26 09:23:59,87830,80658
2017-06-26 09:24:01,87830,80658
2017-06-26 09:24:03,87830,80658
2017-06-26 09:24:05,87830,80658
2017-06-26 09:24:07,87830,80658
2017-06-26 09:24:10,87830,80658
2017-06-26 09:24:12,87830,80658
2017-06-26 09:24:14,87830,80658
2017-06-26 09:24:16,87830,80658
2017-06-26 09:24:18,87830,80658
2017-06-26 09:24:20,87830,80658
2017-06-26 09:24:22,87823,80147
2017-06-26 09:24:24,87823,80147
2017-06-26 09:24:26,87823,80147
2017-06-26 09:24:28,87823,80147
2017-06-26 09:24:30,87823,80147
2017-06-26 09:24:32,87823,80147
2017-06-26 09:24:34,87823,80147
2017-06-26 09:24:36,87823,80147
2017-06-26 09:24:38,87823,80147
2017-06-26 09:24:40,87823,80147
2017-06-26 09:24:42,87823,80147
2017-06-26 09:24:44,87823,80147
2017-06-26 09:24:46,87823,80147
2017-06-26 09:24:49,87823,80147
2017-06-26 09:24:51,87823,80147
2017-06-26 09:24:53,87823,80147
2017-06-26 09:24:55,87823,80147
2017-06-26 09:24:57,87823,80147
2017-06-26 09:24:59,87823,80147
2017-06-26 09:25:01,87823,80147
2017-06-26 09:25:03,87823,80147
2017-06-26 09:25:05,87823,80147
2017-06-26 09:25:07,87823,80147
2017-06-26 09:25:09,87823,80147
2017-06-26 09:25:11,87823,80147
2017-06-26 09:25:14,87823,80147
2017-06-26 09:25:16,87823,80147
2017-06-26 09:25:18,87823,80147
2017-06-26 09:25:20,87823,80147
2017-06-26 09:25:22,87471,80217
2017-06-26 09:25:24,87471,80217
2017-06-26 09:25:26,87471,80217
2017-06-26 09:25:28,87471,80217
2017-06-26 09:25:30,87471,80217
2017-06-26 09:25:32,87471,80217
2017-06-26 09:25:34,87471,80217
2017-06-26 09:25:36,87471,80217
2017-06-26 09:25:38,87471,80217
2017-06-26 09:25:40,87471,80217
2017-06-26 09:25:42,87471,80217
2017-06-26 09:25:44,87471,80217
2017-06-26 09:25:46,87471,80217
2017-06-26 09:25:48,87471,80217
2017-06-26 09:25:50,87471,80217
2017-06-26 09:25:53,87471,80217
2017-06-26 09:25:55,87471,80217
2017-06-26 09:25:57,87471,80217
2017-06-26 09:25:59,87471,80217
2017-06-26 09:26:01,87471,80217
2017-06-26 09:26:03,87471,80217
2017-06-26 09:26:05,87471,80217
2017-06-26 09:26:07,87471,80217
2017-06-26 09:26:09,87471,80217
2017-06-26 09:26:11,87471,80217
2017-06-26 09:26:13,87471,80217
2017-06-26 09:26:15,87471,80217
2017-06-26 09:26:17,87471,80217
2017-06-26 09:26:19,87471,80217
2017-06-26 09:26:21,87471,80121
2017-06-26 09:26:24,87471,80121
2017-06-26 09:26:26,87471,80121
2017-06-26 09:26:28,87471,80121
2017-06-26 09:26:30,87471,80121
2017-06-26 09:26:32,87471,80121
2017-06-26 09:26:34,87471,80121
2017-06-26 09:26:36,87471,80121
2017-06-26 09:26:38,87471,80121
2017-06-26 09:26:40,87471,80121
2017-06-26 09:26:42,87471,80121
2017-06-26 09:26:44,87471,80121
2017-06-26 09:26:46,87471,80121
2017-06-26 09:26:48,87471,80121
2017-06-26 09:26:50,87471,80121
2017-06-26 09:26:52,87471,80121
2017-06-26 09:26:54,87471,80121
2017-06-26 09:26:56,87471,80121
2017-06-26 09:26:59,87471,80121
2017-06-26 09:27:01,87471,80121
2017-06-26 09:27:03,87471,80121
2017-06-26 09:27:05,87471,80121
2017-06-26 09:27:07,87471,80121
2017-06-26 09:27:09,87471,80121
2017-06-26 09:27:11,87471,80121
2017-06-26 09:27:13,87471,80121
2017-06-26 09:27:15,87471,80121
2017-06-26 09:27:17,87471,80121
2017-06-26 09:27:19,87471,80121
2017-06-26 09:27:21,87471,80121
2017-06-26 09:27:23,87906,80631
2017-06-26 09:27:25,87906,80631
2017-06-26 09:27:27,87906,80631
2017-06-26 09:27:29,87906,80631
2017-06-26 09:27:31,87906,80631
2017-06-26 09:27:34,87906,80631
2017-06-26 09:27:36,87906,80631
2017-06-26 09:27:38,87906,80631
2017-06-26 09:27:40,87906,80631
2017-06-26 09:27:42,87906,80631
2017-06-26 09:27:44,87906,80631
2017-06-26 09:27:46,87906,80631
2017-06-26 09:27:48,87906,80631
2017-06-26 09:27:50,87906,80631
2017-06-26 09:27:52,87906,80631
2017-06-26 09:27:54,87906,80631
2017-06-26 09:27:56,87906,80631
2017-06-26 09:27:58,87906,80631
2017-06-26 09:28:00,87906,80631
2017-06-26 09:28:02,87906,80631
2017-06-26 09:28:04,87906,80631
2017-06-26 09:28:07,87906,80631
2017-06-26 09:28:09,87906,80631
2017-06-26 09:28:11,87906,80631
2017-06-26 09:28:13,87906,80631
2017-06-26 09:28:15,87906,80631
2017-06-26 09:28:17,87906,80631
2017-06-26 09:28:19,87906,80631
2017-06-26 09:28:21,87906,80631
2017-06-26 09:28:23,88012,80664
2017-06-26 09:28:25,88012,80664
2017-06-26 09:28:27,88012,80664
2017-06-26 09:28:29,88012,80664
2017-06-26 09:28:31,88012,80664
2017-06-26 09:28:33,88012,80664
2017-06-26 09:28:35,88012,80664
2017-06-26 09:28:37,88012,80664
2017-06-26 09:28:39,88012,80664
2017-06-26 09:28:41,88012,80664
2017-06-26 09:28:44,88012,80664
2017-06-26 09:28:46,88012,80664
2017-06-26 09:28:48,88012,80664
2017-06-26 09:28:50,88012,80664
2017-06-26 09:28:52,88012,80664
2017-06-26 09:28:54,88012,80664
2017-06-26 09:28:56,88012,80664
2017-06-26 09:28:58,88012,80664
2017-06-26 09:29:00,88012,80664
2017-06-26 09:29:02,88012,80664
2017-06-26 09:29:04,88012,80664
2017-06-26 09:29:06,88012,80664
2017-06-26 09:29:08,88012,80664
2017-06-26 09:29:10,88012,80664
2017-06-26 09:29:12,88012,80664
2017-06-26 09:29:14,88012,80664
2017-06-26 09:29:16,88012,80664
2017-06-26 09:29:18,88012,80664
2017-06-26 09:29:21,88012,80664
2017-06-26 09:29:23,88104,80893
2017-06-26 09:29:25,88104,80893
2017-06-26 09:29:27,88104,80893
2017-06-26 09:29:29,88104,80893
2017-06-26 09:29:31,88104,80893
2017-06-26 09:29:33,88104,80893
2017-06-26 09:29:35,88104,80893
2017-06-26 09:29:37,88104,80893
2017-06-26 09:29:39,88104,80893
2017-06-26 09:29:41,88104,80893
2017-06-26 09:29:43,88104,80893
2017-06-26 09:29:45,88104,80893
2017-06-26 09:29:47,88104,80893
2017-06-26 09:29:49,88104,80893
2017-06-26 09:29:51,88104,80893
2017-06-26 09:29:54,88104,80893
2017-06-26 09:29:56,88104,80893
2017-06-26 09:29:58,88104,80893
2017-06-26 09:30:00,88104,80893
2017-06-26 09:30:02,88104,80893
2017-06-26 09:30:04,88104,80893
2017-06-26 09:30:06,88104,80893
2017-06-26 09:30:08,88104,80893
2017-06-26 09:30:10,88104,80893
2017-06-26 09:30:12,88104,80893
2017-06-26 09:30:14,88104,80893
2017-06-26 09:30:17,88104,80893
2017-06-26 09:30:19,88104,80893
2017-06-26 09:30:21,88104,80893
2017-06-26 09:30:23,88104,80893
2017-06-26 09:30:25,88104,80893
2017-06-26 09:30:27,88104,80893
2017-06-26 09:30:29,88104,80893
2017-06-26 09:30:31,88104,80893
2017-06-26 09:30:33,88104,80893
2017-06-26 09:30:35,88104,80893
2017-06-26 09:30:37,88104,80893
2017-06-26 09:30:39,88104,80893
2017-06-26 09:30:41,88104,80893
2017-06-26 09:30:43,88104,80893
2017-06-26 09:30:45,88104,80893
2017-06-26 09:30:47,88104,80893
2017-06-26 09:30:49,88104,80893
2017-06-26 09:30:52,88104,80893
2017-06-26 09:30:54,88104,80893
2017-06-26 09:30:56,88104,80893
2017-06-26 09:30:58,88104,80893
2017-06-26 09:31:00,88104,80893
2017-06-26 09:31:02,88104,80893
2017-06-26 09:31:04,88104,80893
2017-06-26 09:31:06,88104,80893
2017-06-26 09:31:08,88104,80893
2017-06-26 09:31:10,88104,80893
2017-06-26 09:31:12,88104,80893
2017-06-26 09:31:14,88104,80893
2017-06-26 09:31:16,88104,80893
2017-06-26 09:31:18,88104,80893
2017-06-26 09:31:20,88104,80893
2017-06-26 09:31:22,87914,80631
2017-06-26 09:31:24,87914,80631
2017-06-26 09:31:27,87914,80631
2017-06-26 09:31:29,87914,80631
2017-06-26 09:31:31,87914,80631
2017-06-26 09:31:33,87914,80631
2017-06-26 09:31:35,87914,80631
2017-06-26 09:31:37,87914,80631
2017-06-26 09:31:39,87914,80631
2017-06-26 09:31:41,87914,80631
2017-06-26 09:31:43,87914,80631
2017-06-26 09:31:45,87914,80631
2017-06-26 09:31:47,87914,80631
2017-06-26 09:31:49,87914,80631
2017-06-26 09:31:51,87914,80631
2017-06-26 09:31:53,87914,80631
2017-06-26 09:31:55,87914,80631
2017-06-26 09:31:57,87914,80631
2017-06-26 09:31:59,87914,80631
2017-06-26 09:32:01,87914,80631
2017-06-26 09:32:04,87914,80631
2017-06-26 09:32:06,87914,80631
2017-06-26 09:32:08,87914,80631
2017-06-26 09:32:10,87914,80631
2017-06-26 09:32:12,87914,80631
2017-06-26 09:32:14,87914,80631
2017-06-26 09:32:16,87914,80631
2017-06-26 09:32:18,87914,80631
2017-06-26 09:32:20,87914,80631
2017-06-26 09:32:22,87914,80607
2017-06-26 09:32:24,87914,80607
2017-06-26 09:32:26,87914,80607
2017-06-26 09:32:28,87914,80607
2017-06-26 09:32:30,87914,80607
2017-06-26 09:32:32,87914,80607
2017-06-26 09:32:34,87914,80607
2017-06-26 09:32:36,87914,80607
2017-06-26 09:32:39,87914,80607
2017-06-26 09:32:41,87914,80607
2017-06-26 09:32:43,87914,80607
2017-06-26 09:32:45,87914,80607
2017-06-26 09:32:47,87914,80607
2017-06-26 09:32:49,87914,80607
2017-06-26 09:32:51,87914,80607
2017-06-26 09:32:53,87914,80607
2017-06-26 09:32:55,87914,80607
2017-06-26 09:32:57,87914,80607
2017-06-26 09:32:59,87914,80607
2017-06-26 09:33:01,87914,80607
2017-06-26 09:33:03,87914,80607
2017-06-26 09:33:05,87914,80607
2017-06-26 09:33:07,87914,80607
